{"frames": [

{
	"filename": "reserve_live_anim_0.png",
	"frame": {"x":1,"y":1,"w":59,"h":72},
	"rotated": false,
	"trimmed": true,
	"spriteSourceSize": {"x":10,"y":4,"w":59,"h":72},
	"sourceSize": {"w":80,"h":80}
},
{
	"filename": "reserve_live_anim_1.png",
	"frame": {"x":1,"y":297,"w":59,"h":71},
	"rotated": false,
	"trimmed": true,
	"spriteSourceSize": {"x":10,"y":5,"w":59,"h":71},
	"sourceSize": {"w":80,"h":80}
},
{
	"filename": "reserve_live_anim_2.png",
	"frame": {"x":1,"y":873,"w":59,"h":68},
	"rotated": false,
	"trimmed": true,
	"spriteSourceSize": {"x":10,"y":6,"w":59,"h":68},
	"sourceSize": {"w":80,"h":80}
},
{
	"filename": "reserve_live_anim_3.png",
	"frame": {"x":1,"y":1081,"w":59,"h":63},
	"rotated": false,
	"trimmed": true,
	"spriteSourceSize": {"x":10,"y":9,"w":59,"h":63},
	"sourceSize": {"w":80,"h":80}
},
{
	"filename": "reserve_live_anim_4.png",
	"frame": {"x":1,"y":1211,"w":59,"h":58},
	"rotated": false,
	"trimmed": true,
	"spriteSourceSize": {"x":10,"y":11,"w":59,"h":58},
	"sourceSize": {"w":80,"h":80}
},
{
	"filename": "reserve_live_anim_5.png",
	"frame": {"x":1,"y":1331,"w":59,"h":52},
	"rotated": false,
	"trimmed": true,
	"spriteSourceSize": {"x":10,"y":14,"w":59,"h":52},
	"sourceSize": {"w":80,"h":80}
},
{
	"filename": "reserve_live_anim_6.png",
	"frame": {"x":1,"y":1271,"w":59,"h":58},
	"rotated": false,
	"trimmed": true,
	"spriteSourceSize": {"x":10,"y":11,"w":59,"h":58},
	"sourceSize": {"w":80,"h":80}
},
{
	"filename": "reserve_live_anim_7.png",
	"frame": {"x":1,"y":1146,"w":59,"h":63},
	"rotated": false,
	"trimmed": true,
	"spriteSourceSize": {"x":10,"y":9,"w":59,"h":63},
	"sourceSize": {"w":80,"h":80}
},
{
	"filename": "reserve_live_anim_8.png",
	"frame": {"x":1,"y":943,"w":59,"h":68},
	"rotated": false,
	"trimmed": true,
	"spriteSourceSize": {"x":10,"y":6,"w":59,"h":68},
	"sourceSize": {"w":80,"h":80}
},
{
	"filename": "reserve_live_anim_9.png",
	"frame": {"x":1,"y":516,"w":59,"h":71},
	"rotated": false,
	"trimmed": true,
	"spriteSourceSize": {"x":10,"y":5,"w":59,"h":71},
	"sourceSize": {"w":80,"h":80}
},
{
	"filename": "reserve_live_anim_10.png",
	"frame": {"x":1,"y":75,"w":59,"h":72},
	"rotated": false,
	"trimmed": true,
	"spriteSourceSize": {"x":10,"y":4,"w":59,"h":72},
	"sourceSize": {"w":80,"h":80}
},
{
	"filename": "reserve_live_anim_11.png",
	"frame": {"x":1,"y":370,"w":59,"h":71},
	"rotated": false,
	"trimmed": true,
	"spriteSourceSize": {"x":10,"y":5,"w":59,"h":71},
	"sourceSize": {"w":80,"h":80}
},
{
	"filename": "reserve_live_anim_12.png",
	"frame": {"x":1,"y":733,"w":59,"h":68},
	"rotated": false,
	"trimmed": true,
	"spriteSourceSize": {"x":10,"y":6,"w":59,"h":68},
	"sourceSize": {"w":80,"h":80}
},
{
	"filename": "reserve_live_anim_13.png",
	"frame": {"x":1,"y":589,"w":59,"h":70},
	"rotated": false,
	"trimmed": true,
	"spriteSourceSize": {"x":10,"y":5,"w":59,"h":70},
	"sourceSize": {"w":80,"h":80}
},
{
	"filename": "reserve_live_anim_14.png",
	"frame": {"x":1,"y":149,"w":59,"h":72},
	"rotated": false,
	"trimmed": true,
	"spriteSourceSize": {"x":10,"y":4,"w":59,"h":72},
	"sourceSize": {"w":80,"h":80}
},
{
	"filename": "reserve_live_anim_15.png",
	"frame": {"x":1,"y":223,"w":59,"h":72},
	"rotated": false,
	"trimmed": true,
	"spriteSourceSize": {"x":10,"y":4,"w":59,"h":72},
	"sourceSize": {"w":80,"h":80}
},
{
	"filename": "reserve_live_anim_16.png",
	"frame": {"x":1,"y":661,"w":59,"h":70},
	"rotated": false,
	"trimmed": true,
	"spriteSourceSize": {"x":10,"y":5,"w":59,"h":70},
	"sourceSize": {"w":80,"h":80}
},
{
	"filename": "reserve_live_anim_17.png",
	"frame": {"x":1,"y":1013,"w":59,"h":66},
	"rotated": false,
	"trimmed": true,
	"spriteSourceSize": {"x":10,"y":7,"w":59,"h":66},
	"sourceSize": {"w":80,"h":80}
},
{
	"filename": "reserve_live_anim_18.png",
	"frame": {"x":1,"y":803,"w":59,"h":68},
	"rotated": false,
	"trimmed": true,
	"spriteSourceSize": {"x":10,"y":6,"w":59,"h":68},
	"sourceSize": {"w":80,"h":80}
},
{
	"filename": "reserve_live_anim_19.png",
	"frame": {"x":1,"y":443,"w":59,"h":71},
	"rotated": false,
	"trimmed": true,
	"spriteSourceSize": {"x":10,"y":5,"w":59,"h":71},
	"sourceSize": {"w":80,"h":80}
}],
"meta": {
	"app": "https://www.codeandweb.com/texturepacker",
	"version": "1.0",
	"image": "animation_live.ktx",
	"format": "ETC2_RGBA",
	"size": {"w":61,"h":1384},
	"scale": "1",
	"smartupdate": "$TexturePacker:SmartUpdate:32fb3a3e55ee814fff32fa6ef4262b4b:1789581b881950298bb2b009780850c8:f46e6fc82106157e2ce469b47bf14b12$"
}
}
