{"frames": [

{
	"filename": "interaction_like_anim_0.png",
	"frame": {"x":66,"y":547,"w":61,"h":63},
	"rotated": false,
	"trimmed": true,
	"spriteSourceSize": {"x":16,"y":15,"w":61,"h":63},
	"sourceSize": {"w":92,"h":92}
},
{
	"filename": "interaction_like_anim_1.png",
	"frame": {"x":1,"y":535,"w":63,"h":62},
	"rotated": false,
	"trimmed": true,
	"spriteSourceSize": {"x":16,"y":22,"w":63,"h":62},
	"sourceSize": {"w":92,"h":92}
},
{
	"filename": "interaction_like_anim_2.png",
	"frame": {"x":68,"y":365,"w":61,"h":59},
	"rotated": true,
	"trimmed": true,
	"spriteSourceSize": {"x":16,"y":29,"w":61,"h":59},
	"sourceSize": {"w":92,"h":92}
},
{
	"filename": "interaction_like_anim_3.png",
	"frame": {"x":1,"y":663,"w":60,"h":58},
	"rotated": false,
	"trimmed": true,
	"spriteSourceSize": {"x":17,"y":29,"w":60,"h":58},
	"sourceSize": {"w":92,"h":92}
},
{
	"filename": "interaction_like_anim_4.png",
	"frame": {"x":70,"y":304,"w":59,"h":57},
	"rotated": true,
	"trimmed": true,
	"spriteSourceSize": {"x":20,"y":19,"w":59,"h":57},
	"sourceSize": {"w":92,"h":92}
},
{
	"filename": "interaction_like_anim_5.png",
	"frame": {"x":68,"y":428,"w":59,"h":57},
	"rotated": false,
	"trimmed": true,
	"spriteSourceSize": {"x":22,"y":16,"w":59,"h":57},
	"sourceSize": {"w":92,"h":92}
},
{
	"filename": "interaction_like_anim_6.png",
	"frame": {"x":71,"y":243,"w":59,"h":56},
	"rotated": true,
	"trimmed": true,
	"spriteSourceSize": {"x":23,"y":15,"w":59,"h":56},
	"sourceSize": {"w":92,"h":92}
},
{
	"filename": "interaction_like_anim_7.png",
	"frame": {"x":1,"y":894,"w":57,"h":56},
	"rotated": false,
	"trimmed": true,
	"spriteSourceSize": {"x":24,"y":12,"w":57,"h":56},
	"sourceSize": {"w":92,"h":92}
},
{
	"filename": "interaction_like_anim_8.png",
	"frame": {"x":1,"y":952,"w":56,"h":55},
	"rotated": false,
	"trimmed": true,
	"spriteSourceSize": {"x":23,"y":8,"w":56,"h":55},
	"sourceSize": {"w":92,"h":92}
},
{
	"filename": "interaction_like_anim_9.png",
	"frame": {"x":60,"y":901,"w":56,"h":57},
	"rotated": true,
	"trimmed": true,
	"spriteSourceSize": {"x":21,"y":6,"w":56,"h":57},
	"sourceSize": {"w":92,"h":92}
},
{
	"filename": "interaction_like_anim_10.png",
	"frame": {"x":61,"y":788,"w":55,"h":58},
	"rotated": true,
	"trimmed": true,
	"spriteSourceSize": {"x":20,"y":5,"w":55,"h":58},
	"sourceSize": {"w":92,"h":92}
},
{
	"filename": "interaction_like_anim_11.png",
	"frame": {"x":1,"y":837,"w":55,"h":58},
	"rotated": true,
	"trimmed": true,
	"spriteSourceSize": {"x":19,"y":5,"w":55,"h":58},
	"sourceSize": {"w":92,"h":92}
},
{
	"filename": "interaction_like_anim_12.png",
	"frame": {"x":1,"y":723,"w":53,"h":59},
	"rotated": true,
	"trimmed": true,
	"spriteSourceSize": {"x":19,"y":5,"w":53,"h":59},
	"sourceSize": {"w":92,"h":92}
},
{
	"filename": "interaction_like_anim_13.png",
	"frame": {"x":73,"y":62,"w":54,"h":58},
	"rotated": false,
	"trimmed": true,
	"spriteSourceSize": {"x":18,"y":6,"w":54,"h":58},
	"sourceSize": {"w":92,"h":92}
},
{
	"filename": "interaction_like_anim_14.png",
	"frame": {"x":62,"y":733,"w":53,"h":59},
	"rotated": true,
	"trimmed": true,
	"spriteSourceSize": {"x":18,"y":7,"w":53,"h":59},
	"sourceSize": {"w":92,"h":92}
},
{
	"filename": "interaction_like_anim_15.png",
	"frame": {"x":73,"y":1,"w":54,"h":59},
	"rotated": false,
	"trimmed": true,
	"spriteSourceSize": {"x":17,"y":9,"w":54,"h":59},
	"sourceSize": {"w":92,"h":92}
},
{
	"filename": "interaction_like_anim_16.png",
	"frame": {"x":73,"y":122,"w":54,"h":58},
	"rotated": false,
	"trimmed": true,
	"spriteSourceSize": {"x":17,"y":13,"w":54,"h":58},
	"sourceSize": {"w":92,"h":92}
},
{
	"filename": "interaction_like_anim_17.png",
	"frame": {"x":61,"y":845,"w":54,"h":58},
	"rotated": true,
	"trimmed": true,
	"spriteSourceSize": {"x":16,"y":19,"w":54,"h":58},
	"sourceSize": {"w":92,"h":92}
},
{
	"filename": "interaction_like_anim_18.png",
	"frame": {"x":72,"y":182,"w":55,"h":59},
	"rotated": false,
	"trimmed": true,
	"spriteSourceSize": {"x":15,"y":21,"w":55,"h":59},
	"sourceSize": {"w":92,"h":92}
},
{
	"filename": "interaction_like_anim_19.png",
	"frame": {"x":63,"y":676,"w":55,"h":59},
	"rotated": true,
	"trimmed": true,
	"spriteSourceSize": {"x":15,"y":22,"w":55,"h":59},
	"sourceSize": {"w":92,"h":92}
},
{
	"filename": "interaction_like_anim_20.png",
	"frame": {"x":1,"y":778,"w":57,"h":58},
	"rotated": true,
	"trimmed": true,
	"spriteSourceSize": {"x":16,"y":23,"w":57,"h":58},
	"sourceSize": {"w":92,"h":92}
},
{
	"filename": "interaction_like_anim_21.png",
	"frame": {"x":67,"y":487,"w":60,"h":58},
	"rotated": false,
	"trimmed": true,
	"spriteSourceSize": {"x":19,"y":25,"w":60,"h":58},
	"sourceSize": {"w":92,"h":92}
},
{
	"filename": "interaction_like_anim_22.png",
	"frame": {"x":1,"y":405,"w":65,"h":63},
	"rotated": false,
	"trimmed": true,
	"spriteSourceSize": {"x":18,"y":22,"w":65,"h":63},
	"sourceSize": {"w":92,"h":92}
},
{
	"filename": "interaction_like_anim_23.png",
	"frame": {"x":1,"y":205,"w":68,"h":65},
	"rotated": false,
	"trimmed": true,
	"spriteSourceSize": {"x":17,"y":21,"w":68,"h":65},
	"sourceSize": {"w":92,"h":92}
},
{
	"filename": "interaction_like_anim_24.png",
	"frame": {"x":1,"y":1,"w":70,"h":66},
	"rotated": false,
	"trimmed": true,
	"spriteSourceSize": {"x":16,"y":20,"w":70,"h":66},
	"sourceSize": {"w":92,"h":92}
},
{
	"filename": "interaction_like_anim_25.png",
	"frame": {"x":1,"y":69,"w":70,"h":66},
	"rotated": false,
	"trimmed": true,
	"spriteSourceSize": {"x":16,"y":20,"w":70,"h":66},
	"sourceSize": {"w":92,"h":92}
},
{
	"filename": "interaction_like_anim_26.png",
	"frame": {"x":1,"y":137,"w":69,"h":66},
	"rotated": false,
	"trimmed": true,
	"spriteSourceSize": {"x":16,"y":19,"w":69,"h":66},
	"sourceSize": {"w":92,"h":92}
},
{
	"filename": "interaction_like_anim_27.png",
	"frame": {"x":1,"y":272,"w":67,"h":65},
	"rotated": false,
	"trimmed": true,
	"spriteSourceSize": {"x":15,"y":16,"w":67,"h":65},
	"sourceSize": {"w":92,"h":92}
},
{
	"filename": "interaction_like_anim_28.png",
	"frame": {"x":1,"y":339,"w":65,"h":64},
	"rotated": false,
	"trimmed": true,
	"spriteSourceSize": {"x":15,"y":15,"w":65,"h":64},
	"sourceSize": {"w":92,"h":92}
},
{
	"filename": "interaction_like_anim_29.png",
	"frame": {"x":1,"y":470,"w":64,"h":63},
	"rotated": false,
	"trimmed": true,
	"spriteSourceSize": {"x":15,"y":15,"w":64,"h":63},
	"sourceSize": {"w":92,"h":92}
},
{
	"filename": "interaction_like_anim_30.png",
	"frame": {"x":1,"y":599,"w":63,"h":62},
	"rotated": false,
	"trimmed": true,
	"spriteSourceSize": {"x":15,"y":15,"w":63,"h":62},
	"sourceSize": {"w":92,"h":92}
},
{
	"filename": "interaction_like_anim_31.png",
	"frame": {"x":66,"y":612,"w":62,"h":61},
	"rotated": true,
	"trimmed": true,
	"spriteSourceSize": {"x":15,"y":16,"w":62,"h":61},
	"sourceSize": {"w":92,"h":92}
}],
"meta": {
	"app": "https://www.codeandweb.com/texturepacker",
	"version": "1.0",
	"image": "animation_like.ktx",
	"format": "ETC2_RGBA",
	"size": {"w":128,"h":1008},
	"scale": "1",
	"smartupdate": "$TexturePacker:SmartUpdate:47467c535fc8ce7280c5601b5155605a:e12e3bb74b6aa16bf1af5f72bd358a81:340e28a5ade9b45e01376b081da658f1$"
}
}
