{"frames": [

{
	"filename": "interaction_buzzword.png",
	"frame": {"x":165,"y":1,"w":49,"h":58},
	"rotated": true,
	"trimmed": true,
	"spriteSourceSize": {"x":6,"y":1,"w":49,"h":58},
	"sourceSize": {"w":60,"h":60}
},
{
	"filename": "interaction_comment.png",
	"frame": {"x":1,"y":1,"w":58,"h":50},
	"rotated": false,
	"trimmed": true,
	"spriteSourceSize": {"x":1,"y":7,"w":58,"h":50},
	"sourceSize": {"w":60,"h":60}
},
{
	"filename": "interaction_copy.png",
	"frame": {"x":225,"y":1,"w":48,"h":52},
	"rotated": true,
	"trimmed": true,
	"spriteSourceSize": {"x":6,"y":4,"w":48,"h":52},
	"sourceSize": {"w":60,"h":60}
},
{
	"filename": "interaction_like_after.png",
	"frame": {"x":61,"y":1,"w":50,"h":50},
	"rotated": false,
	"trimmed": true,
	"spriteSourceSize": {"x":6,"y":6,"w":50,"h":50},
	"sourceSize": {"w":60,"h":60}
},
{
	"filename": "interaction_like_before.png",
	"frame": {"x":113,"y":1,"w":50,"h":50},
	"rotated": false,
	"trimmed": true,
	"spriteSourceSize": {"x":6,"y":6,"w":50,"h":50},
	"sourceSize": {"w":60,"h":60}
},
{
	"filename": "interaction_recall.png",
	"frame": {"x":279,"y":1,"w":48,"h":44},
	"rotated": true,
	"trimmed": true,
	"spriteSourceSize": {"x":6,"y":9,"w":48,"h":44},
	"sourceSize": {"w":60,"h":60}
},
{
	"filename": "interaction_report.png",
	"frame": {"x":325,"y":1,"w":54,"h":46},
	"rotated": false,
	"trimmed": true,
	"spriteSourceSize": {"x":3,"y":7,"w":54,"h":46},
	"sourceSize": {"w":60,"h":60}
}],
"meta": {
	"app": "https://www.codeandweb.com/texturepacker",
	"version": "1.0",
	"image": "icon.ktx",
	"format": "ETC2_RGBA",
	"size": {"w":380,"h":52},
	"scale": "1",
	"smartupdate": "$TexturePacker:SmartUpdate:92358c3a2602f645fafc895d4cd9bd6d:29bdc4b122d59ffa85ecd6328f24e87a:ba472a6fdfc6447f1171604bf534b8b7$"
}
}
