{"frames": [

{
	"filename": "coin_pink.png",
	"frame": {"x":1,"y":1,"w":94,"h":94},
	"rotated": false,
	"trimmed": true,
	"spriteSourceSize": {"x":1,"y":1,"w":94,"h":94},
	"sourceSize": {"w":96,"h":96}
},
{
	"filename": "coin_white.png",
	"frame": {"x":97,"y":1,"w":94,"h":94},
	"rotated": false,
	"trimmed": true,
	"spriteSourceSize": {"x":1,"y":1,"w":94,"h":94},
	"sourceSize": {"w":96,"h":96}
},
{
	"filename": "favorite_pink.png",
	"frame": {"x":193,"y":1,"w":94,"h":94},
	"rotated": false,
	"trimmed": true,
	"spriteSourceSize": {"x":1,"y":1,"w":94,"h":94},
	"sourceSize": {"w":96,"h":96}
},
{
	"filename": "favorite_white.png",
	"frame": {"x":289,"y":1,"w":94,"h":94},
	"rotated": false,
	"trimmed": true,
	"spriteSourceSize": {"x":1,"y":1,"w":94,"h":94},
	"sourceSize": {"w":96,"h":96}
},
{
	"filename": "like_pink.png",
	"frame": {"x":385,"y":1,"w":94,"h":94},
	"rotated": false,
	"trimmed": true,
	"spriteSourceSize": {"x":1,"y":1,"w":94,"h":94},
	"sourceSize": {"w":96,"h":96}
},
{
	"filename": "like_white.png",
	"frame": {"x":481,"y":1,"w":94,"h":94},
	"rotated": false,
	"trimmed": true,
	"spriteSourceSize": {"x":1,"y":1,"w":94,"h":94},
	"sourceSize": {"w":96,"h":96}
}],
"meta": {
	"app": "https://www.codeandweb.com/texturepacker",
	"version": "1.0",
	"image": "icon.ktx",
	"format": "ETC2_RGBA",
	"size": {"w":576,"h":96},
	"scale": "1",
	"smartupdate": "$TexturePacker:SmartUpdate:be8e631d225a6f0c4c52f2e2605719fa:cad62a32437947ac02bfb841169be23a:ba472a6fdfc6447f1171604bf534b8b7$"
}
}
