{"frames": [

{
	"filename": "animation_coin_0.png",
	"frame": {"x":307,"y":453,"w":50,"h":50},
	"rotated": false,
	"trimmed": true,
	"spriteSourceSize": {"x":75,"y":75,"w":50,"h":50},
	"sourceSize": {"w":200,"h":200}
},
{
	"filename": "animation_coin_1.png",
	"frame": {"x":253,"y":453,"w":52,"h":52},
	"rotated": false,
	"trimmed": true,
	"spriteSourceSize": {"x":74,"y":74,"w":52,"h":52},
	"sourceSize": {"w":200,"h":200}
},
{
	"filename": "animation_coin_2.png",
	"frame": {"x":329,"y":377,"w":48,"h":48},
	"rotated": false,
	"trimmed": true,
	"spriteSourceSize": {"x":76,"y":76,"w":48,"h":48},
	"sourceSize": {"w":200,"h":200}
},
{
	"filename": "animation_coin_3.png",
	"frame": {"x":359,"y":475,"w":44,"h":44},
	"rotated": false,
	"trimmed": true,
	"spriteSourceSize": {"x":78,"y":78,"w":44,"h":44},
	"sourceSize": {"w":200,"h":200}
},
{
	"filename": "animation_coin_4.png",
	"frame": {"x":407,"y":371,"w":40,"h":40},
	"rotated": false,
	"trimmed": true,
	"spriteSourceSize": {"x":80,"y":80,"w":40,"h":40},
	"sourceSize": {"w":200,"h":200}
},
{
	"filename": "animation_coin_5.png",
	"frame": {"x":405,"y":475,"w":42,"h":42},
	"rotated": false,
	"trimmed": true,
	"spriteSourceSize": {"x":79,"y":79,"w":42,"h":42},
	"sourceSize": {"w":200,"h":200}
},
{
	"filename": "animation_coin_6.png",
	"frame": {"x":359,"y":427,"w":46,"h":46},
	"rotated": false,
	"trimmed": true,
	"spriteSourceSize": {"x":77,"y":77,"w":46,"h":46},
	"sourceSize": {"w":200,"h":200}
},
{
	"filename": "animation_coin_7.png",
	"frame": {"x":253,"y":377,"w":74,"h":74},
	"rotated": false,
	"trimmed": true,
	"spriteSourceSize": {"x":63,"y":63,"w":74,"h":74},
	"sourceSize": {"w":200,"h":200}
},
{
	"filename": "animation_coin_8.png",
	"frame": {"x":141,"y":377,"w":110,"h":110},
	"rotated": false,
	"trimmed": true,
	"spriteSourceSize": {"x":45,"y":45,"w":110,"h":110},
	"sourceSize": {"w":200,"h":200}
},
{
	"filename": "animation_coin_9.png",
	"frame": {"x":1,"y":377,"w":138,"h":138},
	"rotated": false,
	"trimmed": true,
	"spriteSourceSize": {"x":31,"y":31,"w":138,"h":138},
	"sourceSize": {"w":200,"h":200}
},
{
	"filename": "animation_coin_10.png",
	"frame": {"x":449,"y":371,"w":156,"h":156},
	"rotated": false,
	"trimmed": true,
	"spriteSourceSize": {"x":22,"y":22,"w":156,"h":156},
	"sourceSize": {"w":200,"h":200}
},
{
	"filename": "animation_coin_11.png",
	"frame": {"x":745,"y":357,"w":166,"h":166},
	"rotated": false,
	"trimmed": true,
	"spriteSourceSize": {"x":17,"y":17,"w":166,"h":166},
	"sourceSize": {"w":200,"h":200}
},
{
	"filename": "animation_coin_12.png",
	"frame": {"x":745,"y":1,"w":176,"h":176},
	"rotated": false,
	"trimmed": true,
	"spriteSourceSize": {"x":12,"y":12,"w":176,"h":176},
	"sourceSize": {"w":200,"h":200}
},
{
	"filename": "animation_coin_13.png",
	"frame": {"x":377,"y":187,"w":182,"h":182},
	"rotated": false,
	"trimmed": true,
	"spriteSourceSize": {"x":9,"y":9,"w":182,"h":182},
	"sourceSize": {"w":200,"h":200}
},
{
	"filename": "animation_coin_14.png",
	"frame": {"x":1,"y":1,"w":186,"h":186},
	"rotated": false,
	"trimmed": true,
	"spriteSourceSize": {"x":7,"y":7,"w":186,"h":186},
	"sourceSize": {"w":200,"h":200}
},
{
	"filename": "animation_coin_15.png",
	"frame": {"x":1,"y":189,"w":186,"h":186},
	"rotated": false,
	"trimmed": true,
	"spriteSourceSize": {"x":7,"y":7,"w":186,"h":186},
	"sourceSize": {"w":200,"h":200}
},
{
	"filename": "animation_coin_16.png",
	"frame": {"x":189,"y":1,"w":186,"h":186},
	"rotated": false,
	"trimmed": true,
	"spriteSourceSize": {"x":7,"y":7,"w":186,"h":186},
	"sourceSize": {"w":200,"h":200}
},
{
	"filename": "animation_coin_17.png",
	"frame": {"x":189,"y":189,"w":186,"h":186},
	"rotated": false,
	"trimmed": true,
	"spriteSourceSize": {"x":7,"y":7,"w":186,"h":186},
	"sourceSize": {"w":200,"h":200}
},
{
	"filename": "animation_coin_18.png",
	"frame": {"x":377,"y":1,"w":184,"h":184},
	"rotated": false,
	"trimmed": true,
	"spriteSourceSize": {"x":8,"y":8,"w":184,"h":184},
	"sourceSize": {"w":200,"h":200}
},
{
	"filename": "animation_coin_19.png",
	"frame": {"x":561,"y":187,"w":182,"h":182},
	"rotated": false,
	"trimmed": true,
	"spriteSourceSize": {"x":9,"y":9,"w":182,"h":182},
	"sourceSize": {"w":200,"h":200}
},
{
	"filename": "animation_coin_20.png",
	"frame": {"x":563,"y":1,"w":180,"h":180},
	"rotated": false,
	"trimmed": true,
	"spriteSourceSize": {"x":10,"y":10,"w":180,"h":180},
	"sourceSize": {"w":200,"h":200}
},
{
	"filename": "animation_coin_21.png",
	"frame": {"x":745,"y":179,"w":176,"h":176},
	"rotated": false,
	"trimmed": true,
	"spriteSourceSize": {"x":12,"y":12,"w":176,"h":176},
	"sourceSize": {"w":200,"h":200}
}],
"meta": {
	"app": "https://www.codeandweb.com/texturepacker",
	"version": "1.0",
	"image": "animation_coin.png",
	"format": "ETC2_RGBA",
	"size": {"w":922,"h":528},
	"scale": "1",
	"smartupdate": "$TexturePacker:SmartUpdate:173f79427283ba4edc9fe525a45304cd:44448af6c7e73a46753188dda38de4b8:e82ab37d1ac461b9e4587606e1a7a9dd$"
}
}
