{"frames": [

{
	"filename": "animation_vote_circle_0.png",
	"frame": {"x":90,"y":236,"w":16,"h":9},
	"rotated": false,
	"trimmed": true,
	"spriteSourceSize": {"x":98,"y":56,"w":16,"h":9},
	"sourceSize": {"w":200,"h":200}
},
{
	"filename": "animation_vote_circle_1.png",
	"frame": {"x":268,"y":1,"w":31,"h":16},
	"rotated": false,
	"trimmed": true,
	"spriteSourceSize": {"x":83,"y":56,"w":31,"h":16},
	"sourceSize": {"w":200,"h":200}
},
{
	"filename": "animation_vote_circle_2.png",
	"frame": {"x":268,"y":19,"w":46,"h":29},
	"rotated": true,
	"trimmed": true,
	"spriteSourceSize": {"x":68,"y":56,"w":46,"h":29},
	"sourceSize": {"w":200,"h":200}
},
{
	"filename": "animation_vote_circle_3.png",
	"frame": {"x":179,"y":175,"w":54,"h":49},
	"rotated": false,
	"trimmed": true,
	"spriteSourceSize": {"x":60,"y":56,"w":54,"h":49},
	"sourceSize": {"w":200,"h":200}
},
{
	"filename": "animation_vote_circle_4.png",
	"frame": {"x":251,"y":173,"w":55,"h":70},
	"rotated": false,
	"trimmed": true,
	"spriteSourceSize": {"x":59,"y":56,"w":55,"h":70},
	"sourceSize": {"w":200,"h":200}
},
{
	"filename": "animation_vote_circle_5.png",
	"frame": {"x":251,"y":86,"w":55,"h":85},
	"rotated": false,
	"trimmed": true,
	"spriteSourceSize": {"x":59,"y":56,"w":55,"h":85},
	"sourceSize": {"w":200,"h":200}
},
{
	"filename": "animation_vote_circle_6.png",
	"frame": {"x":90,"y":179,"w":55,"h":87},
	"rotated": true,
	"trimmed": true,
	"spriteSourceSize": {"x":59,"y":56,"w":55,"h":87},
	"sourceSize": {"w":200,"h":200}
},
{
	"filename": "animation_vote_circle_7.png",
	"frame": {"x":1,"y":179,"w":66,"h":87},
	"rotated": true,
	"trimmed": true,
	"spriteSourceSize": {"x":59,"y":56,"w":66,"h":87},
	"sourceSize": {"w":200,"h":200}
},
{
	"filename": "animation_vote_circle_8.png",
	"frame": {"x":171,"y":86,"w":78,"h":87},
	"rotated": false,
	"trimmed": true,
	"spriteSourceSize": {"x":59,"y":56,"w":78,"h":87},
	"sourceSize": {"w":200,"h":200}
},
{
	"filename": "animation_vote_circle_9.png",
	"frame": {"x":179,"y":1,"w":83,"h":87},
	"rotated": true,
	"trimmed": true,
	"spriteSourceSize": {"x":59,"y":56,"w":83,"h":87},
	"sourceSize": {"w":200,"h":200}
},
{
	"filename": "animation_vote_circle_10.png",
	"frame": {"x":1,"y":1,"w":83,"h":87},
	"rotated": false,
	"trimmed": true,
	"spriteSourceSize": {"x":59,"y":56,"w":83,"h":87},
	"sourceSize": {"w":200,"h":200}
},
{
	"filename": "animation_vote_circle_11.png",
	"frame": {"x":1,"y":90,"w":83,"h":87},
	"rotated": false,
	"trimmed": true,
	"spriteSourceSize": {"x":59,"y":56,"w":83,"h":87},
	"sourceSize": {"w":200,"h":200}
},
{
	"filename": "animation_vote_circle_12.png",
	"frame": {"x":86,"y":1,"w":83,"h":87},
	"rotated": false,
	"trimmed": true,
	"spriteSourceSize": {"x":59,"y":56,"w":83,"h":87},
	"sourceSize": {"w":200,"h":200}
},
{
	"filename": "animation_vote_circle_13.png",
	"frame": {"x":86,"y":90,"w":83,"h":87},
	"rotated": false,
	"trimmed": true,
	"spriteSourceSize": {"x":59,"y":56,"w":83,"h":87},
	"sourceSize": {"w":200,"h":200}
}],
"meta": {
	"app": "https://www.codeandweb.com/texturepacker",
	"version": "1.0",
	"image": "animation_circle.ktx",
	"format": "ETC2_RGBA",
	"size": {"w":307,"h":246},
	"scale": "1",
	"smartupdate": "$TexturePacker:SmartUpdate:13bc1fea2b639c0b00288fa71716a81e:be922266bbe0cad66482f5e1fd07314a:aa91a758091beff175b745141e67f017$"
}
}
